<assembly xmlns="http://maven.apache.org/ASSEMBLY/2.1.0" xmlns:xsi="http://www.w3.org/2001/XMLSchema-instance"
          xsi:schemaLocation="http://maven.apache.org/ASSEMBLY/2.1.0 http://maven.apache.org/xsd/assembly-2.1.0.xsd">    <includeBaseDirectory>true</includeBaseDirectory>

    <id>src</id>
    <formats>
        <format>tar.gz</format>
        <format>tar.bz2</format>
        <format>zip</format>
    </formats>
    <fileSets>
        <fileSet>
            <directory>${project.basedir}</directory>
            <includes>
                <include>pom.xml</include>
            </includes>
            <useDefaultExcludes>true</useDefaultExcludes>
        </fileSet>
        <fileSet>
            <directory>${project.basedir}/src</directory>
            <useDefaultExcludes>true</useDefaultExcludes>
        </fileSet>
    </fileSets>
    <files>
        <file>
            <source> ${project.build.directory}/${project.artifactId}-${project.version}.jar</source>
            <outputDirectory>/</outputDirectory>
        </file>
    </files>
    <dependencySets>
        <dependencySet>
            <outputDirectory>lib</outputDirectory>
            <excludes>
                <exclude>${project.groupId}:${project.artifactId}:jar:*</exclude>
            </excludes>
        </dependencySet>
    </dependencySets>
</assembly>
